{"3": 0.25137805938720703, "4": 0.27860403060913086, "5": 0.2873246669769287, "6": 0.32306623458862305, "7": 0.3722701072692871, "8": 0.507382869720459, "9": 0.39452528953552246, "10": 0.6108901500701904, "11": 0.4751904010772705, "12": 0.5871577262878418, "13": 0.7271223068237305, "14": 0.822587251663208, "15": 0.7760646343231201, "16": 0.8091480731964111, "17": 1.281198501586914, "18": 1.052330732345581, "19": 1.4619669914245605, "20": 1.1519513130187988, "21": 1.2538552284240723, "22": 3.059072971343994, "23": 3.9523816108703613, "24": 3.3217825889587402, "25": 2.6420438289642334, "26": 2.4812517166137695, "27": 3.352289915084839, "28": 3.2068428993225098, "29": 16.77997088432312, "30": 4.170630216598511, "31": 5.991400957107544, "32": 10.207192420959473, "33": 21.095938205718994, "34": 13.056300163269043, "35": 10.063247919082642}