{"4": 0.2969236373901367, "5": 0.3237035274505615, "6": 0.35701441764831543, "7": 0.4550755023956299, "8": 0.48595094680786133, "9": 0.6442930698394775, "10": 0.6545748710632324, "11": 0.7073464393615723, "12": 0.8202283382415771, "13": 1.0379843711853027, "14": 1.4905891418457031, "15": 1.3133957386016846, "16": 1.571213960647583, "17": 4.30879807472229, "18": 2.569805860519409, "19": 4.397984266281128, "20": 4.54648494720459, "21": 6.648697376251221, "22": 4.827632665634155, "23": 5.50745964050293, "24": 7.809677600860596, "25": 124.51025986671448, "26": 10.623068571090698, "27": 11.453032732009888, "28": 10.690200567245483, "29": 32.33135771751404, "30": 29.87802267074585, "31": 444.3957567214966, "32": 140.41580605506897, "33": 46.47125506401062, "34": 159.5509798526764, "35": 42.351123094558716}