{"3": 0.24777579307556152, "4": 0.2604234218597412, "5": 0.334942102432251, "6": 0.4039602279663086, "7": 0.4990246295928955, "8": 0.6088223457336426, "9": 0.4798243045806885, "10": 0.6303873062133789, "11": 0.9312186241149902, "12": 0.6659843921661377, "13": 0.8715672492980957, "14": 2.4774036407470703, "15": 1.9940166473388672, "16": 1.5833394527435303, "17": 1.950873851776123, "18": 3.5667073726654053, "19": 3.235424041748047, "20": 2.3412961959838867, "21": 3.892975091934204, "22": 3.2740280628204346, "23": 3.7866270542144775, "24": 6.638904333114624, "25": 16.084535121917725, "26": 29.079285144805908, "27": 20.23388409614563, "28": 48.92729949951172, "29": 61.93581771850586, "30": 437.80549597740173, "31": 77.36256647109985, "32": 416.8208785057068, "33": 37.90126323699951, "34": 27.27943468093872, "35": 303.396511554718}