{"4": 0.28025364875793457, "5": 0.2597811222076416, "6": 0.3300333023071289, "7": 0.3455660343170166, "8": 0.35135388374328613, "9": 0.423464298248291, "10": 0.5933182239532471, "11": 0.5293354988098145, "12": 0.7125461101531982, "13": 0.7194788455963135, "14": 0.9262261390686035, "15": 0.7085599899291992, "16": 0.7714583873748779, "17": 0.8914546966552734, "18": 1.3353447914123535, "19": 1.4704740047454834, "20": 1.4101579189300537, "21": 1.4900245666503906, "22": 3.300180196762085, "23": 3.2831130027770996, "24": 5.339274168014526, "25": 3.185833215713501, "26": 2.0005180835723877, "27": 3.7645912170410156, "28": 3.323291301727295, "29": 6.5966551303863525, "30": 4.1909143924713135, "31": 12.641265392303467, "32": 14.281623840332031, "33": 24.106821537017822, "34": 17.634894609451294, "35": 13.331363677978516}